{
  "image_name": "my_cfb",
  "original_path": "imgs/input/my.jpg",
  "encrypted_path": "imgs/encrypted/my_aes_cfb.bin",
  "image_size": [
    3840,
    2160
  ],
  "image_mode": "RGB",
  "algorithm": "aes-cfb",
  "entropy": {
    "original": 7.157233124759093,
    "encrypted": 7.9999923732215565,
    "improvement": 0.842759248462464
  },
  "channel_entropy": {
    "original": {
      "R": 6.796873700235415,
      "G": 7.031546557328461,
      "B": 7.197777546706876
    },
    "encrypted": {
      "R": 7.9999785672293795,
      "G": 7.999977185087417,
      "B": 7.999979589175247
    }
  },
  "npcr_uaci": {
    "npcr": 99.6092946244856,
    "uaci": 36.95904000746389
  },
  "avalanche_effect": 50.0006907270769,
  "correlations": {
    "horizontal": {
      "original": 0.9923821595219668,
      "encrypted": 0.0004989136314139607,
      "reduction": 0.9918832458905529
    },
    "vertical": {
      "original": 0.9950021215417224,
      "encrypted": -0.0003793986326099857,
      "reduction": 0.9953815201743323
    },
    "diagonal": {
      "original": 0.9906978555650714,
      "encrypted": -0.0005594595870537602,
      "reduction": 0.9912573151521251
    }
  },
  "byte_distribution": {
    "original": {
      "unique_bytes": 256,
      "total_bytes": 24883200,
      "avg_deviation": 91475.2890625,
      "max_deviation": 521858.0,
      "uniformity_score": 5.889620306069954
    },
    "encrypted": {
      "unique_bytes": 256,
      "total_bytes": 24883200,
      "avg_deviation": 252.9453125,
      "max_deviation": 885.0,
      "uniformity_score": 99.73976819701646
    }
  },
  "file_sizes": {
    "original_bytes": 24883200,
    "encrypted_bytes": 24883200,
    "decrypted_bytes": 24883200
  },
  "key_sensitivity": {
    "test_type": "key_sensitivity",
    "original_image": "imgs/input/my.jpg",
    "algorithm": "aes-cfb",
    "keys": {
      "key1": "test_key_123",
      "key2": "test_key_124",
      "key_difference": "Изменен 1 символ"
    },
    "sensitivity_metrics": {
      "npcr": 99.60780767746914,
      "uaci": 33.466307325077665,
      "avalanche_effect": 50.00151859487526,
      "entropy_key1": 7.999993254854803,
      "entropy_key2": 7.999992684852974,
      "entropy_difference": 5.700018288479214e-07
    },
    "distributions": {
      "key1": {
        "unique_bytes": 256,
        "total_bytes": 24883200,
        "avg_deviation": 240.828125,
        "max_deviation": 942.0,
        "uniformity_score": 99.75223443930041
      },
      "key2": {
        "unique_bytes": 256,
        "total_bytes": 24883200,
        "avg_deviation": 242.625,
        "max_deviation": 979.0,
        "uniformity_score": 99.75038580246914
      }
    },
    "file_sizes": {
      "encrypted_key1": 24883200,
      "encrypted_key2": 24883200
    }
  },
  "iv_nonce_sensitivity": {
    "test_type": "iv_nonce_sensitivity",
    "algorithm": "aes-cfb",
    "sensitivity_metrics": {
      "npcr": 99.60949154449588,
      "uaci": 33.465963333635926,
      "avalanche_effect": 50.00083942177855
    }
  }
}