{
  "image_name": "my_cbc",
  "original_path": "imgs/input/my.jpg",
  "encrypted_path": "imgs/encrypted/my_aes_cbc.bin",
  "image_size": [
    3840,
    2160
  ],
  "image_mode": "RGB",
  "algorithm": "aes-cbc",
  "entropy": {
    "original": 7.157233124759093,
    "encrypted": 7.999993428669745,
    "improvement": 0.8427603039106524
  },
  "channel_entropy": {
    "original": {
      "R": 6.796873700235415,
      "G": 7.031546557328461,
      "B": 7.197777546706876
    },
    "encrypted": {
      "R": 7.9999784799843745,
      "G": 7.9999781215985175,
      "B": 7.999978328304676
    }
  },
  "npcr_uaci": {
    "npcr": 99.60806487911522,
    "uaci": 36.957441858559264
  },
  "avalanche_effect": 50.0008861400463,
  "correlations": {
    "horizontal": {
      "original": 0.9923821595219668,
      "encrypted": -2.0724652755559823e-05,
      "reduction": 0.9924028841747224
    },
    "vertical": {
      "original": 0.9950021215417224,
      "encrypted": -0.00021347543183851712,
      "reduction": 0.9952155969735609
    },
    "diagonal": {
      "original": 0.9906978555650714,
      "encrypted": 9.29327288852082e-05,
      "reduction": 0.9906049228361862
    }
  },
  "byte_distribution": {
    "original": {
      "unique_bytes": 256,
      "total_bytes": 24883200,
      "avg_deviation": 91475.2890625,
      "max_deviation": 521858.0,
      "uniformity_score": 5.889620306069954
    },
    "encrypted": {
      "unique_bytes": 256,
      "total_bytes": 24883216,
      "avg_deviation": 232.859375,
      "max_deviation": 965.0625,
      "uniformity_score": 99.76043289581217
    }
  },
  "file_sizes": {
    "original_bytes": 24883200,
    "encrypted_bytes": 24883216,
    "decrypted_bytes": 24883200
  },
  "key_sensitivity": {
    "test_type": "key_sensitivity",
    "original_image": "imgs/input/my.jpg",
    "algorithm": "aes-cbc",
    "keys": {
      "key1": "test_key_123",
      "key2": "test_key_124",
      "key_difference": "Изменен 1 символ"
    },
    "sensitivity_metrics": {
      "npcr": 99.60989367290787,
      "uaci": 33.467516685410224,
      "avalanche_effect": 50.00097555717878,
      "entropy_key1": 7.999992538059243,
      "entropy_key2": 7.999993282813686,
      "entropy_difference": 7.447544430050357e-07
    },
    "distributions": {
      "key1": {
        "unique_bytes": 256,
        "total_bytes": 24883216,
        "avg_deviation": 255.52197265625,
        "max_deviation": 913.9375,
        "uniformity_score": 99.73711748111658
      },
      "key2": {
        "unique_bytes": 256,
        "total_bytes": 24883216,
        "avg_deviation": 228.17431640625,
        "max_deviation": 1080.0625,
        "uniformity_score": 99.76525291184227
      }
    },
    "file_sizes": {
      "encrypted_key1": 24883216,
      "encrypted_key2": 24883216
    }
  },
  "iv_nonce_sensitivity": {
    "test_type": "iv_nonce_sensitivity",
    "algorithm": "aes-cbc",
    "sensitivity_metrics": {
      "npcr": 99.61045630114693,
      "uaci": 33.46079217476095,
      "avalanche_effect": 49.99791978255544
    }
  }
}