{
  "image_name": "my_stream",
  "original_path": "imgs/input/my.jpg",
  "encrypted_path": "imgs/encrypted/my_stream.bin",
  "image_size": [
    3840,
    2160
  ],
  "image_mode": "RGB",
  "algorithm": "stream-rc4-custom",
  "entropy": {
    "original": 7.157233124759093,
    "encrypted": 7.999992899148899,
    "improvement": 0.8427597743898065
  },
  "channel_entropy": {
    "original": {
      "R": 6.796873700235415,
      "G": 7.031546557328461,
      "B": 7.197777546706876
    },
    "encrypted": {
      "R": 7.999974617942852,
      "G": 7.999975531734929,
      "B": 7.9999798751743265
    }
  },
  "npcr_uaci": {
    "npcr": 99.60938303755144,
    "uaci": 36.950947516995484
  },
  "avalanche_effect": 50.00424734358925,
  "correlations": {
    "horizontal": {
      "original": 0.9923821595219668,
      "encrypted": -9.94146696355018e-05,
      "reduction": 0.9924815741916023
    },
    "vertical": {
      "original": 0.9950021215417224,
      "encrypted": -1.3613406789059414e-05,
      "reduction": 0.9950157349485115
    },
    "diagonal": {
      "original": 0.9906978555650714,
      "encrypted": -0.00036074066493111274,
      "reduction": 0.9910585962300025
    }
  },
  "byte_distribution": {
    "original": {
      "unique_bytes": 256,
      "total_bytes": 24883200,
      "avg_deviation": 91475.2890625,
      "max_deviation": 521858.0,
      "uniformity_score": 5.889620306069954
    },
    "encrypted": {
      "unique_bytes": 256,
      "total_bytes": 24883200,
      "avg_deviation": 239.703125,
      "max_deviation": 1027.0,
      "uniformity_score": 99.75339184670781
    }
  },
  "file_sizes": {
    "original_bytes": 24883200,
    "encrypted_bytes": 24883200,
    "decrypted_bytes": 24883200
  },
  "key_sensitivity": {
    "test_type": "key_sensitivity",
    "original_image": "imgs/input/my.jpg",
    "algorithm": "stream-rc4-custom",
    "keys": {
      "key1": "test_key_123",
      "key2": "test_key_124",
      "key_difference": "Изменен 1 символ"
    },
    "sensitivity_metrics": {
      "npcr": 99.60997379758231,
      "uaci": 33.463374327997656,
      "avalanche_effect": 50.00232134532536,
      "entropy_key1": 7.999992422522122,
      "entropy_key2": 7.999993228557772,
      "entropy_difference": 8.060356497807675e-07
    },
    "distributions": {
      "key1": {
        "unique_bytes": 256,
        "total_bytes": 24883200,
        "avg_deviation": 251.890625,
        "max_deviation": 1331.0,
        "uniformity_score": 99.7408532664609
      },
      "key2": {
        "unique_bytes": 256,
        "total_bytes": 24883200,
        "avg_deviation": 237.8671875,
        "max_deviation": 1136.0,
        "uniformity_score": 99.7552806712963
      }
    },
    "file_sizes": {
      "encrypted_key1": 24883200,
      "encrypted_key2": 24883200
    }
  },
  "iv_nonce_sensitivity": {}
}