{
  "image_name": "noise_texture_cbc",
  "original_path": "imgs/input/noise_texture.png",
  "encrypted_path": "imgs/encrypted/noise_texture_aes_cbc.bin",
  "image_size": [
    512,
    512
  ],
  "image_mode": "RGB",
  "algorithm": "aes-cbc",
  "entropy": {
    "original": 4.805984077833154,
    "encrypted": 7.9997631050473865,
    "improvement": 3.193779027214233
  },
  "channel_entropy": {
    "original": {
      "R": 4.805984077833153,
      "G": 4.805984077833153,
      "B": 4.805984077833153
    },
    "encrypted": {
      "R": 7.999260292658199,
      "G": 7.99939711883396,
      "B": 7.999286990739589
    }
  },
  "npcr_uaci": {
    "npcr": 99.59818522135416,
    "uaci": 25.171191645603553
  },
  "avalanche_effect": 50.02066294352213,
  "correlations": {
    "horizontal": {
      "original": 0.9661563147830715,
      "encrypted": 0.004415388894383692,
      "reduction": 0.9617409258886879
    },
    "vertical": {
      "original": 0.9589002879060664,
      "encrypted": -0.0031048816608469925,
      "reduction": 0.9620051695669134
    },
    "diagonal": {
      "original": 0.9315198821942497,
      "encrypted": 2.136245925824385e-05,
      "reduction": 0.9314985197349915
    }
  },
  "byte_distribution": {
    "original": {
      "unique_bytes": 62,
      "total_bytes": 786432,
      "avg_deviation": 5261.8359375,
      "max_deviation": 43959.0,
      "uniformity_score": -71.28372192382812
    },
    "encrypted": {
      "unique_bytes": 256,
      "total_bytes": 786448,
      "avg_deviation": 44.68115234375,
      "max_deviation": 173.0625,
      "uniformity_score": 98.5455649960328
    }
  },
  "file_sizes": {
    "original_bytes": 786432,
    "encrypted_bytes": 786448,
    "decrypted_bytes": 786432
  },
  "key_sensitivity": {
    "test_type": "key_sensitivity",
    "original_image": "imgs/input/noise_texture.png",
    "algorithm": "aes-cbc",
    "keys": {
      "key1": "test_key_123",
      "key2": "test_key_124",
      "key_difference": "Изменен 1 символ"
    },
    "sensitivity_metrics": {
      "npcr": 99.60811140723862,
      "uaci": 33.509503439241136,
      "avalanche_effect": 49.995740341383026,
      "entropy_key1": 7.9997967188122105,
      "entropy_key2": 7.999786336315914,
      "entropy_difference": 1.038249629647936e-05
    },
    "distributions": {
      "key1": {
        "unique_bytes": 256,
        "total_bytes": 786448,
        "avg_deviation": 41.10546875,
        "max_deviation": 141.9375,
        "uniformity_score": 98.66195857831669
      },
      "key2": {
        "unique_bytes": 256,
        "total_bytes": 786448,
        "avg_deviation": 42.35986328125,
        "max_deviation": 136.0625,
        "uniformity_score": 98.62112625373832
      }
    },
    "file_sizes": {
      "encrypted_key1": 786448,
      "encrypted_key2": 786448
    }
  },
  "iv_nonce_sensitivity": {
    "test_type": "iv_nonce_sensitivity",
    "algorithm": "aes-cbc",
    "sensitivity_metrics": {
      "npcr": 99.6142147986898,
      "uaci": 33.48977562257585,
      "avalanche_effect": 50.00575371798263
    }
  }
}